{"cameraMode":{"drawMode":0,"name":"Shaded","section":"Shading Mode"},"sceneLighting":false,"audioPlay":false,"sceneViewState":{"m_AlwaysRefresh":false,"showFog":true,"showSkybox":false,"showFlares":true,"showImageEffects":true,"showParticleSystems":true,"showVisualEffectGraphs":true,"m_FxEnabled":true},"in2DMode":false,"pivot":{"x":0.4052004814147949,"y":0.8447129130363464,"z":-22.435415267944337},"rotation":{"x":0.00886249914765358,"y":0.9622534513473511,"z":-0.033674389123916629,"w":0.2712729573249817},"size":0.7732083201408386,"orthographic":false}