{"cameraMode":{"drawMode":0,"name":"Shaded","section":"Shading Mode"},"sceneLighting":true,"audioPlay":false,"sceneViewState":{"m_AlwaysRefresh":false,"showFog":true,"showSkybox":true,"showFlares":true,"showImageEffects":true,"showParticleSystems":true,"showVisualEffectGraphs":true,"m_FxEnabled":true},"in2DMode":false,"pivot":{"x":-4.017819404602051,"y":4.476655960083008,"z":8.056310653686524},"rotation":{"x":-0.0062689571641385559,"y":0.10198746621608734,"z":-0.0007565639680251479,"w":-0.9954032301902771},"size":2.238516330718994,"orthographic":false}