{"cameraMode":{"drawMode":0,"name":"Shaded","section":"Shading Mode"},"sceneLighting":false,"audioPlay":false,"sceneViewState":{"m_AlwaysRefresh":false,"showFog":true,"showSkybox":false,"showFlares":true,"showImageEffects":true,"showParticleSystems":true,"showVisualEffectGraphs":true,"m_FxEnabled":true},"in2DMode":false,"pivot":{"x":0.28165751695632937,"y":2.78983736038208,"z":-23.29815101623535},"rotation":{"x":0.0005852873437106609,"y":0.9968678951263428,"z":-0.08275700360536576,"w":0.018103325739502908},"size":2.066028118133545,"orthographic":false}