{"cameraMode":{"drawMode":0,"name":"Shaded","section":"Shading Mode"},"sceneLighting":false,"audioPlay":false,"sceneViewState":{"m_AlwaysRefresh":false,"showFog":true,"showSkybox":false,"showFlares":true,"showImageEffects":true,"showParticleSystems":true,"showVisualEffectGraphs":true,"m_FxEnabled":true},"in2DMode":false,"pivot":{"x":1.0904240608215333,"y":2.5415899753570558,"z":-23.145355224609376},"rotation":{"x":-0.0007478098850697279,"y":0.999676525592804,"z":-0.0393223762512207,"w":0.004617305938154459},"size":2.03322434425354,"orthographic":false}