{"cameraMode":{"drawMode":0,"name":"Shaded","section":"Shading Mode"},"sceneLighting":false,"audioPlay":false,"sceneViewState":{"m_AlwaysRefresh":false,"showFog":true,"showSkybox":false,"showFlares":true,"showImageEffects":true,"showParticleSystems":true,"showVisualEffectGraphs":true,"m_FxEnabled":true},"in2DMode":false,"pivot":{"x":1.0156954526901246,"y":2.426004409790039,"z":-21.94070053100586},"rotation":{"x":-0.001813346054404974,"y":0.9986368417739868,"z":-0.01523708924651146,"w":-0.058390840888023379},"size":1.8446369171142579,"orthographic":false}