{"cameraMode":{"drawMode":0,"name":"Shaded","section":"Shading Mode"},"sceneLighting":false,"audioPlay":false,"sceneViewState":{"m_AlwaysRefresh":false,"showFog":true,"showSkybox":false,"showFlares":true,"showImageEffects":true,"showParticleSystems":true,"showVisualEffectGraphs":true,"m_FxEnabled":true},"in2DMode":false,"pivot":{"x":3.7211520671844484,"y":4.8863348960876469,"z":11.244152069091797},"rotation":{"x":-0.06626051664352417,"y":-0.02795880287885666,"z":0.0019046585075557232,"w":-0.9978041052818298},"size":2.1213202476501467,"orthographic":false}