{"cameraMode":{"drawMode":0,"name":"Shaded","section":"Shading Mode"},"sceneLighting":false,"audioPlay":false,"sceneViewState":{"m_AlwaysRefresh":false,"showFog":true,"showSkybox":false,"showFlares":true,"showImageEffects":true,"showParticleSystems":true,"showVisualEffectGraphs":true,"m_FxEnabled":true},"in2DMode":false,"pivot":{"x":0.12913042306900025,"y":2.1785459518432619,"z":-0.8091626167297363},"rotation":{"x":0.07678917050361633,"y":-0.9158437252044678,"z":0.2083117514848709,"w":0.33549004793167117},"size":2.646214246749878,"orthographic":false}